Threads,Layout_Time_s,Layout_Speedup,Build_CPU_s,Build_CPU_Speedup,Build_GPU_s,Build_GPU_Speedup_vs_Serial,Total_PureCPU_s,Total_Hybrid_s
1,0.0412332,1,0.0568818,1,0.00490523,11.5962,0.098115,0.0461384
2,0.0248005,1.6626,0.0324182,1.75463,0.00298932,19.0283,0.0572186,0.0277898
4,0.0180056,2.29002,0.0237544,2.39458,0.00279238,20.3704,0.04176,0.020798
8,0.0236265,1.74521,0.0317391,1.79217,0.00404235,14.0715,0.0553656,0.0276688
